{
	"format_version": "1.8.0",
	"animations": {
		"loong_cast": {
			"animation_length": 1,
			"bones": {
				"left_arm": {
					"rotation": {
						"0.0": {
							"vector": [0, 0, 0]
						},
						"0.125": {
							"vector": [-54.45453, 12.07776, 9.19066]
						},
						"0.2083": {
							"vector": [-51.95, 12.08, 9.19]
						},
						"0.3333": {
							"vector": [-56.95, 12.08, 9.19]
						},
						"0.4583": {
							"vector": [-51.95, 12.08, 9.19]
						},
						"0.6667": {
							"vector": [-56.95, 12.08, 9.19]
						},
						"0.8333": {
							"vector": [-23.94515, 13.1027, 11.52713]
						},
						"1.0": {
							"vector": [0, 0, 0]
						}
					}
				},
				"right_arm": {
					"rotation": {
						"0.0": {
							"vector": [0, 0, 0]
						},
						"0.125": {
							"vector": [-106.85134, -20.33726, -0.44739]
						},
						"0.2083": {
							"vector": [-109.35, -20.34, -0.45]
						},
						"0.3333": {
							"vector": [-104.35, -20.34, -0.45]
						},
						"0.4583": {
							"vector": [-109.35, -20.34, -0.45]
						},
						"0.6667": {
							"vector": [-104.35, -20.34, -0.45]
						},
						"0.8333": {
							"vector": [-143.29815, -11.71243, -13.2331]
						},
						"1.0": {
							"vector": [0, 0, 0]
						}
					}
				},
				"left_leg": {
					"rotation": {
						"0.0": {
							"vector": [0, 0, 0]
						},
						"0.125": {
							"vector": [-20, 0, 0]
						},
						"0.875": {
							"vector": [-20, 0, 0]
						},
						"1.0": {
							"vector": [0, 0, 0]
						}
					}
				},
				"right_leg": {
					"rotation": {
						"0.0": {
							"vector": [0, 0, 0]
						},
						"0.125": {
							"vector": [20, 0, 0]
						},
						"0.875": {
							"vector": [20, 0, 0]
						},
						"1.0": {
							"vector": [0, 0, 0]
						}
					}
				},
				"head": {
					"position": {
						"0.75": {
							"vector": [0, 0, 0]
						},
						"0.875": {
							"vector": [0, 0, 1]
						},
						"1.0": {
							"vector": [0, 0, 0]
						}
					}
				},
				"body": {
					"position": {
						"0.0": {
							"vector": [0, 0, 0]
						},
						"0.75": {
							"vector": [0, 0, 0]
						},
						"0.875": {
							"vector": [0, 0, 1]
						},
						"1.0": {
							"vector": [0, 0, 0]
						}
					}
				}
			}
		}
	},
	"geckolib_format_version": 2
}